getting-help/community/community-created-accessories	community-contact/community-created-accessories
getting-help/community/community-shared-protocols	community-contact/community-shared-protocols
getting-help/community/feedback	community-contact/feedback
getting-help/community/forum	community-contact/forum
getting-help/troubleshooting/general-faq/help-outside-scope	community-contact/help-outside-scope
getting-help/troubleshooting/general-faq/how-do-you-pronounce-saleae	community-contact/how-do-you-pronounce-saleae
getting-help/troubleshooting/general-faq/license	community-contact/license
product/user-guide/using-logic/message-us-directly	community-contact/message-us-directly
getting-help/community/projects	community-contact/projects
getting-help/troubleshooting/technical-faq/what-higher-level-protocol-analysis-features-are-available	community-contact/what-higher-level-protocol-analysis-features-are-available
getting-help/troubleshooting/general-faq/writing-for-saleae	community-contact/writing-for-saleae
product/user-guide/extensions-apis-and-sdks/saleae-api-and-sdk/automation	extensions-api/automation-api/automation
product/user-guide/extensions-apis-and-sdks/saleae-api-and-sdk/automation-legacy-logic1	extensions-api/automation-api/automation-legacy-logic1
getting-help/troubleshooting/technical-faq/connecting-remotely-with-ssh	extensions-api/automation-api/connecting-remotely-with-ssh
product/user-guide/extensions-apis-and-sdks/saleae-api-and-sdk/other-information/device-sdk	extensions-api/automation-api/device-sdk
getting-help/troubleshooting/technical-faq/export-data	extensions-api/automation-api/export-data
getting-help/troubleshooting/technical-faq/extract-data-using-socket-api	extensions-api/automation-api/extract-data-using-socket-api
getting-help/troubleshooting/technical-faq/how-to-manage-protocol-analyzers-when-using-the-socket-api	extensions-api/automation-api/how-to-manage-protocol-analyzers-when-using-the-socket-api
getting-help/troubleshooting/technical-faq/how-to-trigger-on-a-pulse-with-no-maximum-time-limit	extensions-api/automation-api/how-to-trigger-on-a-pulse-with-no-maximum-time-limit
getting-help/troubleshooting/technical-faq/is-there-cross-platform-support-for-the-saleaesocketapi-c-project	extensions-api/automation-api/is-there-cross-platform-support-for-the-saleaesocketapi-c-project
getting-help/troubleshooting/technical-faq/running-logic-in-a-ci-environment-on-windows-with-the-system-account	extensions-api/automation-api/running-logic-in-a-ci-environment-on-windows-with-the-system-account
product/user-guide/extensions-apis-and-sdks/saleae-api-and-sdk/other-information/vb-net	extensions-api/automation-api/vb-net
product/user-guide/extensions-apis-and-sdks/extensions/about-third-party-extensions	extensions-api/extensions/about-third-party-extensions
product/user-guide/extensions-apis-and-sdks/extensions/measurement-extensions/analog-measurement-extensions	extensions-api/extensions/analog-measurement-extensions
product/user-guide/extensions-apis-and-sdks/extensions/api-documentation	extensions-api/extensions/api-documentation
product/user-guide/extensions-apis-and-sdks/extensions/measurement-extensions/digital-measurement-extensions	extensions-api/extensions/digital-measurement-extensions
product/user-guide/extensions-apis-and-sdks/extensions/disabling-marketplace-extensions	extensions-api/extensions/disabling-marketplace-extensions
product/user-guide/extensions-apis-and-sdks/extensions/extension-file-format	extensions-api/extensions/extension-file-format
product/user-guide/extensions-apis-and-sdks/extensions/extensions-quickstart	extensions-api/extensions/extensions-quickstart
product/user-guide/extensions-apis-and-sdks/extensions/high-level-analyzer-extensions	extensions-api/extensions/high-level-analyzer-extensions
product/user-guide/extensions-apis-and-sdks/extensions/installing-extensions	extensions-api/extensions/installing-extensions
product/user-guide/extensions-apis-and-sdks/extensions/measurement-extensions	extensions-api/extensions/measurement-extensions
product/user-guide/extensions-apis-and-sdks/extensions/publish-an-extension	extensions-api/extensions/publish-an-extension
getting-help/troubleshooting/technical-faq/python-package-support	extensions-api/extensions/python-package-support
product/user-guide/extensions-apis-and-sdks/extensions/high-level-analyzer-extensions/shared-high-level-analyzers-hlas	extensions-api/extensions/shared-high-level-analyzers-hlas
product/user-guide/extensions-apis-and-sdks/extensions/analyzer-frame-types/1-wire-analyzer	extensions-api/hla-frame-format-reference/1-wire-analyzer
product/user-guide/extensions-apis-and-sdks/extensions/analyzer-frame-types/async-rgb-led-analyzer	extensions-api/hla-frame-format-reference/async-rgb-led-analyzer
product/user-guide/extensions-apis-and-sdks/extensions/analyzer-frame-types/can-analyzer	extensions-api/hla-frame-format-reference/can-analyzer
product/user-guide/extensions-apis-and-sdks/extensions/analyzer-frame-types/i2c-analyzer	extensions-api/hla-frame-format-reference/i2c-analyzer
product/user-guide/extensions-apis-and-sdks/extensions/analyzer-frame-types/i2s-analyzer	extensions-api/hla-frame-format-reference/i2s-analyzer
product/user-guide/extensions-apis-and-sdks/extensions/analyzer-frame-types/lin-analyzer	extensions-api/hla-frame-format-reference/lin-analyzer
product/user-guide/extensions-apis-and-sdks/extensions/analyzer-frame-types/manchester-analyzer	extensions-api/hla-frame-format-reference/manchester-analyzer
product/user-guide/extensions-apis-and-sdks/extensions/analyzer-frame-types/serial-analyzer	extensions-api/hla-frame-format-reference/serial-analyzer
product/user-guide/extensions-apis-and-sdks/extensions/analyzer-frame-types/simple-parallel-analyzer	extensions-api/hla-frame-format-reference/simple-parallel-analyzer
product/user-guide/extensions-apis-and-sdks/extensions/analyzer-frame-types/spi-analyzer	extensions-api/hla-frame-format-reference/spi-analyzer
getting-help/troubleshooting/technical-faq/can-custom-analyzers-process-analog-channels	extensions-api/protocol-analyzer-sdk/can-custom-analyzers-process-analog-channels
product/user-guide/extensions-apis-and-sdks/saleae-api-and-sdk/protocol-analyzer-sdk/framev2-hla-support-analyzer-sdk	extensions-api/protocol-analyzer-sdk/framev2-hla-support-analyzer-sdk
getting-help/troubleshooting/technical-faq/how-to-view-and-debug-firmware-variables-state-and-function-calls	extensions-api/protocol-analyzer-sdk/how-to-view-and-debug-firmware-variables-state-and-function-calls
product/user-guide/extensions-apis-and-sdks/saleae-api-and-sdk/other-information/migrate-code-to-the-new-analyzer-sdk	extensions-api/protocol-analyzer-sdk/migrate-code-to-the-new-analyzer-sdk
getting-help/troubleshooting/technical-faq/osx-analyzer-sdk-xcode-setup	extensions-api/protocol-analyzer-sdk/osx-analyzer-sdk-xcode-setup
getting-help/troubleshooting/technical-faq/packet-level-decoding-support-in-the-analyzer-sdk	extensions-api/protocol-analyzer-sdk/packet-level-decoding-support-in-the-analyzer-sdk
product/user-guide/extensions-apis-and-sdks/saleae-api-and-sdk/protocol-analyzer-sdk	extensions-api/protocol-analyzer-sdk/protocol-analyzer-sdk
product/user-guide/extensions-apis-and-sdks/saleae-api-and-sdk/protocol-analyzer-sdk/renaming-a-custom-analyzer	extensions-api/protocol-analyzer-sdk/renaming-a-custom-analyzer
getting-help/troubleshooting/technical-faq/setting-up-developer-directory	extensions-api/protocol-analyzer-sdk/setting-up-developer-directory
product/user-guide/extensions-apis-and-sdks/saleae-api-and-sdk/other-information/sharing-custom-analyzer-code	extensions-api/protocol-analyzer-sdk/sharing-custom-analyzer-code
product/getting-started/configure	getting-started/configure
getting-help/troubleshooting/general-faq/identify-each-saleae-device	getting-started/identify-each-saleae-device
product/getting-started/measure	getting-started/measure
product/getting-started/navigate	getting-started/navigate
product/user-guide/product-summary	getting-started/product-summary
product/getting-started/protocols	getting-started/protocols
product/getting-started/record	getting-started/record
product/getting-started/setup	getting-started/setup
product/getting-started/trigger	getting-started/trigger
ordering/ordering-and-shipping/faq/what-accessories-if-any-should-i-purchase-with-my-device	getting-started/what-accessories-if-any-should-i-purchase-with-my-device
ordering/ordering-and-shipping/faq/what-is-included	getting-started/what-is-included
getting-help/troubleshooting/technical-faq/automate-long-captures	logic-software/capturing-data/automate-long-captures
product/user-guide/using-logic/capture-modes	logic-software/capturing-data/capture-modes
product/user-guide/using-logic/capture-settings	logic-software/capturing-data/capture-settings
getting-help/troubleshooting/technical-faq/capture-settings-configuration-guide	logic-software/capturing-data/capture-settings-configuration-guide
product/user-guide/using-logic/connecting-accessories	logic-software/capturing-data/connecting-accessories
product/user-guide/using-logic/connecting-the-logic-hardware	logic-software/capturing-data/connecting-the-logic-hardware
product/user-guide/using-logic/demo-mode	logic-software/capturing-data/demo-mode
getting-help/troubleshooting/technical-faq/how-long-can-i-record-data	logic-software/capturing-data/how-long-can-i-record-data
getting-help/troubleshooting/technical-faq/how-to-trigger-the-end-of-a-capture-instead-of-the-start	logic-software/capturing-data/how-to-trigger-the-end-of-a-capture-instead-of-the-start
getting-help/troubleshooting/technical-faq/suggestions-for-capturing-multiple-instances-of-a-triggered-event-automatically	logic-software/capturing-data/suggestions-for-capturing-multiple-instances-of-a-triggered-event-automatically
getting-help/troubleshooting/technical-faq/what-sample-rate-is-required	logic-software/capturing-data/what-sample-rate-is-required
getting-help/troubleshooting/technical-faq/what-sample-rate-settings-are-available	logic-software/capturing-data/what-sample-rate-settings-are-available
product/logic-software/legacy-software/changelog	logic-software/download-and-installation/changelog
product/logic-software/driver-install	logic-software/download-and-installation/driver-install
product/logic-software/firmware-updates	logic-software/download-and-installation/firmware-updates
getting-help/troubleshooting/technical-faq/is-silent-installation-supported	logic-software/download-and-installation/is-silent-installation-supported
product/logic-software/legacy-software/logic-1.x-installation	logic-software/download-and-installation/logic-1.x-installation
product/logic-software/legacy-software/logic-1.x-user-guide	logic-software/download-and-installation/logic-1.x-user-guide
product/logic-software/legacy-software/older-software-releases	logic-software/download-and-installation/older-software-releases
getting-help/troubleshooting/technical-faq/running-multiple-versions-of-the-software	logic-software/download-and-installation/running-multiple-versions-of-the-software
getting-help/troubleshooting/technical-faq/standalone-software-info	logic-software/download-and-installation/standalone-software-info
product/logic-software/supported-operating-systems	logic-software/download-and-installation/supported-operating-systems
product/logic-software/sw-download	logic-software/download-and-installation/sw-download
product/logic-software/sw-installation	logic-software/download-and-installation/sw-installation
getting-help/troubleshooting/technical-faq/which-version-of-the-software-should-i-use	logic-software/download-and-installation/which-version-of-the-software-should-i-use
getting-help/troubleshooting/technical-faq/binary-and-csv-export-formats-2025-update	logic-software/saving-and-exporting-data/binary-and-csv-export-formats-2025-update
getting-help/troubleshooting/technical-faq/binary-data-export-format	logic-software/saving-and-exporting-data/binary-data-export-format
getting-help/troubleshooting/technical-faq/binary-export-format-logic-2	logic-software/saving-and-exporting-data/binary-export-format-logic-2
getting-help/troubleshooting/technical-faq/can-i-create-or-edit-logicdata-files	logic-software/saving-and-exporting-data/can-i-create-or-edit-logicdata-files
getting-help/troubleshooting/technical-faq/can-i-share-data-captures	logic-software/saving-and-exporting-data/can-i-share-data-captures
getting-help/troubleshooting/technical-faq/data-export-format-analog-binary	logic-software/saving-and-exporting-data/data-export-format-analog-binary
getting-help/troubleshooting/technical-faq/differentiate-data-in-the-export-file	logic-software/saving-and-exporting-data/differentiate-data-in-the-export-file
getting-help/troubleshooting/technical-faq/export-between-timing-markers	logic-software/saving-and-exporting-data/export-between-timing-markers
product/user-guide/using-logic/exporting-data	logic-software/saving-and-exporting-data/exporting-data
getting-help/troubleshooting/technical-faq/how-do-i-convert-exported-csv-analog-data-in-voltages	logic-software/saving-and-exporting-data/how-do-i-convert-exported-csv-analog-data-in-voltages
getting-help/troubleshooting/technical-faq/how-long-does-it-take-to-save-a-file	logic-software/saving-and-exporting-data/how-long-does-it-take-to-save-a-file
getting-help/troubleshooting/technical-faq/how-to-export-serial-protocol-results-to-a-raw-binary-file	logic-software/saving-and-exporting-data/how-to-export-serial-protocol-results-to-a-raw-binary-file
getting-help/troubleshooting/technical-faq/is-it-possible-to-import-data-into-the-logic-software	logic-software/saving-and-exporting-data/is-it-possible-to-import-data-into-the-logic-software
getting-help/troubleshooting/technical-faq/is-my-capture-data-private	logic-software/saving-and-exporting-data/is-my-capture-data-private
getting-help/troubleshooting/technical-faq/matlab-data-export-format	logic-software/saving-and-exporting-data/matlab-data-export-format
getting-help/troubleshooting/technical-faq/open-logicdata-files	logic-software/saving-and-exporting-data/open-logicdata-files
getting-help/troubleshooting/technical-faq/sal-file-format	logic-software/saving-and-exporting-data/sal-file-format
product/user-guide/using-logic/saving-loading-and-exporting-data	logic-software/saving-and-exporting-data/saving-loading-and-exporting-data
getting-help/troubleshooting/technical-faq/what-options-are-there-to-export-multiple-protocol-analyzer-results-into-the-same-file	logic-software/saving-and-exporting-data/what-options-are-there-to-export-multiple-protocol-analyzer-results-into-the-same-file
product/user-guide/using-logic/automatic-updates	logic-software/settings-and-preferences/automatic-updates
getting-help/troubleshooting/technical-faq/changing-window-resolution	logic-software/settings-and-preferences/changing-window-resolution
product/user-guide/using-logic/color-themes	logic-software/settings-and-preferences/color-themes
product/user-guide/using-logic/keyboard-shortcuts	logic-software/settings-and-preferences/keyboard-shortcuts
getting-help/troubleshooting/location-of-your-config-file	logic-software/settings-and-preferences/location-of-your-config-file
getting-help/troubleshooting/technical-faq/changing-the-display-radix	logic-software/viewing-and-analyzing-data/changing-the-display-radix
getting-help/troubleshooting/technical-faq/compare-two-clock-signals-for-synchronization-and-drift	logic-software/viewing-and-analyzing-data/compare-two-clock-signals-for-synchronization-and-drift
product/user-guide/using-logic/data-table-and-terminal	logic-software/viewing-and-analyzing-data/data-table-and-terminal
product/user-guide/using-logic/delete-data	logic-software/viewing-and-analyzing-data/delete-data
getting-help/troubleshooting/technical-faq/generate-analog-graph-from-digital-data	logic-software/viewing-and-analyzing-data/generate-analog-graph-from-digital-data
getting-help/troubleshooting/technical-faq/how-can-i-compare-signals-from-different-captures	logic-software/viewing-and-analyzing-data/how-can-i-compare-signals-from-different-captures
getting-help/troubleshooting/technical-faq/how-does-ascii-display-characters	logic-software/viewing-and-analyzing-data/how-does-ascii-display-characters
product/user-guide/using-logic/measurements-timing-markers	logic-software/viewing-and-analyzing-data/measurements-timing-markers
product/user-guide/using-logic/navigating-the-software	logic-software/viewing-and-analyzing-data/navigating-the-software
product/user-guide/using-logic/navigating-your-data	logic-software/viewing-and-analyzing-data/navigating-your-data
getting-help/troubleshooting/set-analyzer-starting-point	logic-software/viewing-and-analyzing-data/set-analyzer-starting-point
product/user-guide/using-logic/software-glitch-filter	logic-software/viewing-and-analyzing-data/software-glitch-filter
product/user-guide/using-logic/time-bar-settings	logic-software/viewing-and-analyzing-data/time-bar-settings
product/user-guide/using-logic/using-protocol-analyzers	logic-software/viewing-and-analyzing-data/using-protocol-analyzers
getting-help/troubleshooting/technical-faq/viewing-i2c-addresses-as-8-bit	logic-software/viewing-and-analyzing-data/viewing-i2c-addresses-as-8-bit
getting-help/troubleshooting/technical-faq/what-annotations-are-supported	logic-software/viewing-and-analyzing-data/what-annotations-are-supported
ordering/180-day-return-policy-and-3-year-warranty	ordering-returns/180-day-return-policy-and-3-year-warranty
ordering/ordering-and-shipping/business-info	ordering-returns/business-info
ordering/ordering-and-shipping/check-your-order-status	ordering-returns/check-your-order-status
ordering/ordering-and-shipping/distributors	ordering-returns/distributors
ordering/ordering-and-shipping/faq/does-saleae-have-a-trade-in-or-upgrade-plan	ordering-returns/does-saleae-have-a-trade-in-or-upgrade-plan
ordering/ordering-and-shipping/faq/does-saleae-offer-demo-units	ordering-returns/does-saleae-offer-demo-units
ordering/ordering-and-shipping/faq/does-saleae-provide-drop-shipping-service	ordering-returns/does-saleae-provide-drop-shipping-service
ordering/ordering-and-shipping/faq/how-can-i-find-the-current-status-of-my-order	ordering-returns/how-can-i-find-the-current-status-of-my-order
ordering/ordering-and-shipping/how-do-i-get-a-quote	ordering-returns/how-do-i-get-a-quote
ordering/ordering-and-shipping/how-do-i-place-an-order	ordering-returns/how-do-i-place-an-order
ordering/ordering-and-shipping/faq/international-customs-and-duty-information	ordering-returns/international-customs-and-duty-information
ordering/ordering-and-shipping/invoices	ordering-returns/invoices
ordering/ordering-and-shipping/faq/is-the-saleae-software-sold-separately	ordering-returns/is-the-saleae-software-sold-separately
ordering/ordering-and-shipping/place-a-purchase-order-po	ordering-returns/place-a-purchase-order-po
ordering/pricing-and-availability	ordering-returns/pricing-and-availability
ordering/180-day-return-policy-and-3-year-warranty/process-a-warranty	ordering-returns/process-a-warranty
ordering/ordering-and-shipping/faq/referral-program	ordering-returns/referral-program
ordering/ordering-and-shipping/faq/ship-to-po-box-error	ordering-returns/ship-to-po-box-error
ordering/ordering-and-shipping/shipping-policy	ordering-returns/shipping-policy
ordering/ordering-and-shipping/tax-exemption	ordering-returns/tax-exemption
ordering/ordering-and-shipping/what-discounts-are-available	ordering-returns/what-discounts-are-available
ordering/ordering-and-shipping/faq/when-is-my-card-charged	ordering-returns/when-is-my-card-charged
getting-help/troubleshooting/technical-faq/convert-i2s-pcm-to-audio	protocol-analyzers/analyzer-user-guides/convert-i2s-pcm-to-audio
product/user-guide/protocol-analyzers/analyzer-user-guides/decode-differential-and-high-voltage-data	protocol-analyzers/analyzer-user-guides/decode-differential-and-high-voltage-data
product/user-guide/protocol-analyzers/analyzer-user-guides/using-async-serial	protocol-analyzers/analyzer-user-guides/using-async-serial
product/user-guide/protocol-analyzers/analyzer-user-guides/using-can	protocol-analyzers/analyzer-user-guides/using-can
product/user-guide/protocol-analyzers/analyzer-user-guides/using-dmx-512	protocol-analyzers/analyzer-user-guides/using-dmx-512
product/user-guide/protocol-analyzers/analyzer-user-guides/using-i2c	protocol-analyzers/analyzer-user-guides/using-i2c
product/user-guide/protocol-analyzers/analyzer-user-guides/using-i2s-pcm	protocol-analyzers/analyzer-user-guides/using-i2s-pcm
product/user-guide/protocol-analyzers/analyzer-user-guides/using-simple-parallel	protocol-analyzers/analyzer-user-guides/using-simple-parallel
product/user-guide/protocol-analyzers/analyzer-user-guides/using-spi	protocol-analyzers/analyzer-user-guides/using-spi
product/user-guide/protocol-analyzers/analyzer-user-guides/using-the-smbus-analyzer	protocol-analyzers/analyzer-user-guides/using-the-smbus-analyzer
getting-help/troubleshooting/technical-faq/which-saleae-products-can-decode-4-bit-parallel-lcd-communications	protocol-analyzers/analyzer-user-guides/which-saleae-products-can-decode-4-bit-parallel-lcd-communications
tutorials/learning-portal/learning-resources/1-wire	protocol-analyzers/learn-digital-protocols/1-wire
tutorials/learning-portal/learning-resources/biss-c	protocol-analyzers/learn-digital-protocols/biss-c
tutorials/learning-portal/learning-resources/digital-multiplex-dmx512	protocol-analyzers/learn-digital-protocols/digital-multiplex-dmx512
tutorials/learning-portal/learning-resources/hdmi-consumer-electronics-control-cec	protocol-analyzers/learn-digital-protocols/hdmi-consumer-electronics-control-cec
tutorials/learning-portal/learning-resources/inter-ic-sound-i2s-pcm	protocol-analyzers/learn-digital-protocols/inter-ic-sound-i2s-pcm
tutorials/learning-portal/learning-resources/joint-test-action-group-jtag	protocol-analyzers/learn-digital-protocols/joint-test-action-group-jtag
tutorials/learning-portal/learning-resources/learn-asynchronous-serial	protocol-analyzers/learn-digital-protocols/learn-asynchronous-serial
tutorials/learning-portal/learning-resources/learn-can	protocol-analyzers/learn-digital-protocols/learn-can
tutorials/learning-portal/learning-resources/learn-i2c	protocol-analyzers/learn-digital-protocols/learn-i2c
tutorials/learning-portal/learning-resources/learn-spi	protocol-analyzers/learn-digital-protocols/learn-spi
tutorials/learning-portal/learning-resources/local-interconnect-network-lin	protocol-analyzers/learn-digital-protocols/local-interconnect-network-lin
tutorials/learning-portal/learning-resources/management-data-input-output-mdio	protocol-analyzers/learn-digital-protocols/management-data-input-output-mdio
tutorials/learning-portal/learning-resources/manchester	protocol-analyzers/learn-digital-protocols/manchester
tutorials/learning-portal/learning-resources/ps-2-keyboard-mouse	protocol-analyzers/learn-digital-protocols/ps-2-keyboard-mouse
tutorials/learning-portal/learning-resources/simple-parallel	protocol-analyzers/learn-digital-protocols/simple-parallel
tutorials/learning-portal/learning-resources/single-wire-interface-swi	protocol-analyzers/learn-digital-protocols/single-wire-interface-swi
tutorials/learning-portal/learning-resources/universal-serial-bus-usb-2.0	protocol-analyzers/learn-digital-protocols/universal-serial-bus-usb-2.0
getting-help/troubleshooting/technical-faq/how-many-protocol-analyzers-can-be-used-at-once	protocol-analyzers/supported-protocols/how-many-protocol-analyzers-can-be-used-at-once
getting-help/troubleshooting/technical-faq/recording-multiple-protocols	protocol-analyzers/supported-protocols/recording-multiple-protocols
product/user-guide/protocol-analyzers/supported-protocols	protocol-analyzers/supported-protocols/supported-protocols
getting-help/troubleshooting/technical-faq/what-is-the-best-way-to-compare-similar-sequences-of-protocol-data	protocol-analyzers/supported-protocols/what-is-the-best-way-to-compare-similar-sequences-of-protocol-data
product/datasheets-and-specifications/compliance-documentation	specifications-hardware/datasheets-and-compliance/compliance-documentation
product/datasheets-and-specifications/connector-dimensions	specifications-hardware/datasheets-and-compliance/connector-dimensions
product/datasheets-and-specifications/datasheets	specifications-hardware/datasheets-and-compliance/datasheets
getting-help/troubleshooting/technical-faq/fcc-and-ce-testing-recommendations	specifications-hardware/datasheets-and-compliance/fcc-and-ce-testing-recommendations
product/datasheets-and-specifications/logic-hardware-revisions	specifications-hardware/datasheets-and-compliance/logic-hardware-revisions
ordering/ordering-and-shipping/faq/saleae-part-numbers	specifications-hardware/datasheets-and-compliance/saleae-part-numbers
product/datasheets-and-specifications/system-requirements-for-saleae-products	specifications-hardware/datasheets-and-compliance/system-requirements-for-saleae-products
getting-help/troubleshooting/technical-faq/adjusting-thresholds	specifications-hardware/electrical-characteristics/adjusting-thresholds
getting-help/troubleshooting/technical-faq/are-inputs-isolated	specifications-hardware/electrical-characteristics/are-inputs-isolated
getting-help/troubleshooting/technical-faq/are-the-ground-pins-required-for-each-input-used	specifications-hardware/electrical-characteristics/are-the-ground-pins-required-for-each-input-used
getting-help/troubleshooting/technical-faq/are-the-inputs-synchronously-sampled-or-sweep-sampled	specifications-hardware/electrical-characteristics/are-the-inputs-synchronously-sampled-or-sweep-sampled
getting-help/troubleshooting/technical-faq/can-i-change-the-voltage-range-of-the-analog-inputs	specifications-hardware/electrical-characteristics/can-i-change-the-voltage-range-of-the-analog-inputs
getting-help/troubleshooting/technical-faq/can-saleae-products-output-data	specifications-hardware/electrical-characteristics/can-saleae-products-output-data
product/user-guide/device-calibration	specifications-hardware/electrical-characteristics/device-calibration
getting-help/troubleshooting/technical-faq/do-the-saleae-devices-support-ac-coupling	specifications-hardware/electrical-characteristics/do-the-saleae-devices-support-ac-coupling
getting-help/troubleshooting/technical-faq/resolution-of-the-analog-inputs	specifications-hardware/electrical-characteristics/resolution-of-the-analog-inputs
getting-help/troubleshooting/technical-faq/suggestions-for-electrical-isolation	specifications-hardware/electrical-characteristics/suggestions-for-electrical-isolation
product/user-guide/supported-voltages	specifications-hardware/electrical-characteristics/supported-voltages
getting-help/troubleshooting/technical-faq/what-is-asynchronous-sampling	specifications-hardware/electrical-characteristics/what-is-asynchronous-sampling
getting-help/troubleshooting/technical-faq/what-is-the-maximum-bandwidth	specifications-hardware/electrical-characteristics/what-is-the-maximum-bandwidth
getting-help/troubleshooting/technical-faq/why-does-logic-get-warm	specifications-hardware/electrical-characteristics/why-does-logic-get-warm
getting-help/troubleshooting/technical-faq/worst-case-channel-skew	specifications-hardware/electrical-characteristics/worst-case-channel-skew
getting-help/troubleshooting/technical-faq/are-there-feature-differences-in-the-sw	specifications-hardware/product-comparison-and-selection/are-there-feature-differences-in-the-sw
getting-help/troubleshooting/technical-faq/can-these-products-replace-an-oscilloscope	specifications-hardware/product-comparison-and-selection/can-these-products-replace-an-oscilloscope
getting-help/troubleshooting/technical-faq/ch0-black-wire	specifications-hardware/product-comparison-and-selection/ch0-black-wire
getting-help/troubleshooting/technical-faq/do-the-saleae-logic-analyzers-support-trigger-out	specifications-hardware/product-comparison-and-selection/do-the-saleae-logic-analyzers-support-trigger-out
getting-help/troubleshooting/technical-faq/gen1-gen2-differences	specifications-hardware/product-comparison-and-selection/gen1-gen2-differences
getting-help/troubleshooting/technical-faq/how-to-choose-the-right-logic-analyzer-for-you	specifications-hardware/product-comparison-and-selection/how-to-choose-the-right-logic-analyzer-for-you
product/user-guide/safety-and-warranty	specifications-hardware/product-comparison-and-selection/safety-and-warranty
getting-help/troubleshooting/technical-faq/test-clip-differences	specifications-hardware/product-comparison-and-selection/test-clip-differences
getting-help/troubleshooting/technical-faq/what-is-the-normal-behavior-of-the-led	specifications-hardware/product-comparison-and-selection/what-is-the-normal-behavior-of-the-led
getting-help/troubleshooting/technical-faq/which-logic-analyzer-to-get	specifications-hardware/product-comparison-and-selection/which-logic-analyzer-to-get
getting-help/troubleshooting/technical-faq/which-saleae-devices-support-analog-recording	specifications-hardware/product-comparison-and-selection/which-saleae-devices-support-analog-recording
getting-help/troubleshooting/technical-faq/do-i-have-a-usb-3.0-port	specifications-hardware/usb-and-connectivity/do-i-have-a-usb-3.0-port
getting-help/troubleshooting/technical-faq/ethernet-connectivity	specifications-hardware/usb-and-connectivity/ethernet-connectivity
getting-help/troubleshooting/technical-faq/extension-cables-and-vm	specifications-hardware/usb-and-connectivity/extension-cables-and-vm
getting-help/troubleshooting/technical-faq/full-speed-usb-isolator	specifications-hardware/usb-and-connectivity/full-speed-usb-isolator
getting-help/troubleshooting/technical-faq/logic-reports-different-usb-current-requirements	specifications-hardware/usb-and-connectivity/logic-reports-different-usb-current-requirements
getting-help/troubleshooting/technical-faq/recommended-usb-3.0-host-controller-cards	specifications-hardware/usb-and-connectivity/recommended-usb-3.0-host-controller-cards
getting-help/troubleshooting/technical-faq/support-for-usb-3.0-and-usb-3.1	specifications-hardware/usb-and-connectivity/support-for-usb-3.0-and-usb-3.1
getting-help/troubleshooting/technical-faq/usb-3.0-host-controller-info	specifications-hardware/usb-and-connectivity/usb-3.0-host-controller-info
getting-help/troubleshooting/technical-faq/usb-c-cable-recommendations	specifications-hardware/usb-and-connectivity/usb-c-cable-recommendations
getting-help/troubleshooting/technical-faq/use-multiple-logics-on-a-single-pc	specifications-hardware/usb-and-connectivity/use-multiple-logics-on-a-single-pc
getting-help/troubleshooting/technical-faq/using-saleae-logic-devices-with-third-party-pattern-generators	specifications-hardware/usb-and-connectivity/using-saleae-logic-devices-with-third-party-pattern-generators
getting-help/troubleshooting/backlog-error	troubleshooting/capture-and-recording-issues/backlog-error
getting-help/troubleshooting/capture-stopped-error	troubleshooting/capture-and-recording-issues/capture-stopped-error
getting-help/troubleshooting/captured-data-looks-incorrect	troubleshooting/capture-and-recording-issues/captured-data-looks-incorrect
getting-help/troubleshooting/crosstalk	troubleshooting/capture-and-recording-issues/crosstalk
getting-help/troubleshooting/device-not-able-to-keep-up	troubleshooting/capture-and-recording-issues/device-not-able-to-keep-up
getting-help/troubleshooting/digital-and-analog-appear-different	troubleshooting/capture-and-recording-issues/digital-and-analog-appear-different
getting-help/troubleshooting/technical-faq/how-can-i-record-power-consumption	troubleshooting/capture-and-recording-issues/how-can-i-record-power-consumption
getting-help/troubleshooting/logic-interferes-with-circuit	troubleshooting/capture-and-recording-issues/logic-interferes-with-circuit
getting-help/troubleshooting/maximum-sample-rate-not-selectable	troubleshooting/capture-and-recording-issues/maximum-sample-rate-not-selectable
getting-help/troubleshooting/memory-usage-with-triggered-captures	troubleshooting/capture-and-recording-issues/memory-usage-with-triggered-captures
getting-help/troubleshooting/technical-faq/my-capture-shows-an-uneven-duty-cycle	troubleshooting/capture-and-recording-issues/my-capture-shows-an-uneven-duty-cycle
getting-help/troubleshooting/pre-trigger-buffer-incomplete	troubleshooting/capture-and-recording-issues/pre-trigger-buffer-incomplete
getting-help/troubleshooting/seeing-spikes-in-digital-capture	troubleshooting/capture-and-recording-issues/seeing-spikes-in-digital-capture
getting-help/troubleshooting/the-captured-data-is-corrupted	troubleshooting/capture-and-recording-issues/the-captured-data-is-corrupted
getting-help/troubleshooting/technical-faq/time-measurement-error	troubleshooting/capture-and-recording-issues/time-measurement-error
getting-help/troubleshooting/waiting-for-trigger-never-closes	troubleshooting/capture-and-recording-issues/waiting-for-trigger-never-closes
getting-help/troubleshooting/technical-faq/why-is-the-length-of-my-capture-incorrect	troubleshooting/capture-and-recording-issues/why-is-the-length-of-my-capture-incorrect
getting-help/troubleshooting/a-measurement-appears-incorrect	troubleshooting/data-and-analysis-issues/a-measurement-appears-incorrect
getting-help/troubleshooting/add-analyzer-not-displaying	troubleshooting/data-and-analysis-issues/add-analyzer-not-displaying
getting-help/troubleshooting/channels-are-missing	troubleshooting/data-and-analysis-issues/channels-are-missing
getting-help/troubleshooting/csv-export-slow	troubleshooting/data-and-analysis-issues/csv-export-slow
getting-help/troubleshooting/data-table-shows-incorrect-values	troubleshooting/data-and-analysis-issues/data-table-shows-incorrect-values
getting-help/troubleshooting/exported-matlab-file-does-not-open	troubleshooting/data-and-analysis-issues/exported-matlab-file-does-not-open
getting-help/troubleshooting/hla-fails-to-display-special-characters	troubleshooting/data-and-analysis-issues/hla-fails-to-display-special-characters
getting-help/troubleshooting/my-rise-time-and-fall-time-measurements-seem-incorrect	troubleshooting/data-and-analysis-issues/my-rise-time-and-fall-time-measurements-seem-incorrect
getting-help/troubleshooting/technical-faq/native-windowing-features-are-not-working	troubleshooting/data-and-analysis-issues/native-windowing-features-are-not-working
getting-help/troubleshooting/protocol-analyzer-produces-unexpected-results	troubleshooting/data-and-analysis-issues/protocol-analyzer-produces-unexpected-results
getting-help/troubleshooting/technical-faq/save-capture-and-export-data-disabled	troubleshooting/data-and-analysis-issues/save-capture-and-export-data-disabled
getting-help/troubleshooting/the-logic-softwares-data-export-feature-is-not-working-properly	troubleshooting/data-and-analysis-issues/the-logic-softwares-data-export-feature-is-not-working-properly
getting-help/troubleshooting/this-analyzers-native-export-is-not-supported-in-logic-2	troubleshooting/data-and-analysis-issues/this-analyzers-native-export-is-not-supported-in-logic-2
getting-help/troubleshooting/technical-faq/timing-markers-disappear	troubleshooting/data-and-analysis-issues/timing-markers-disappear
getting-help/troubleshooting/technical-faq/why-is-the-options-button-missing	troubleshooting/data-and-analysis-issues/why-is-the-options-button-missing
getting-help/troubleshooting/connection-conflicts-with-usb-debuggers	troubleshooting/device-connection-issues/connection-conflicts-with-usb-debuggers
getting-help/troubleshooting/device-removed-before-initialization	troubleshooting/device-connection-issues/device-removed-before-initialization
getting-help/troubleshooting/device-setup-failure	troubleshooting/device-connection-issues/device-setup-failure
getting-help/troubleshooting/error-a-logic-device-found	troubleshooting/device-connection-issues/error-a-logic-device-found
getting-help/troubleshooting/error-an-unknown-error-occurred-during-device-connection	troubleshooting/device-connection-issues/error-an-unknown-error-occurred-during-device-connection
getting-help/troubleshooting/error-function-device2-setupdevice	troubleshooting/device-connection-issues/error-function-device2-setupdevice
getting-help/troubleshooting/limitations-of-logic-pro-usb2	troubleshooting/device-connection-issues/limitations-of-logic-pro-usb2
getting-help/troubleshooting/logic-does-not-connect-over-usb3	troubleshooting/device-connection-issues/logic-does-not-connect-over-usb3
getting-help/troubleshooting/logic-not-detected	troubleshooting/device-connection-issues/logic-not-detected
getting-help/troubleshooting/technical-faq/move-logic-to-its-own-host-controller	troubleshooting/device-connection-issues/move-logic-to-its-own-host-controller
getting-help/troubleshooting/other-drivers-interfere	troubleshooting/device-connection-issues/other-drivers-interfere
getting-help/troubleshooting/pc-restart-causes-logic-to-disconnect	troubleshooting/device-connection-issues/pc-restart-causes-logic-to-disconnect
getting-help/troubleshooting/reinstall-usb-host-controller-drivers	troubleshooting/device-connection-issues/reinstall-usb-host-controller-drivers
getting-help/troubleshooting/start-command-error	troubleshooting/device-connection-issues/start-command-error
getting-help/troubleshooting/technical-faq/sw-shows-multiple-analyzers	troubleshooting/device-connection-issues/sw-shows-multiple-analyzers
getting-help/troubleshooting/the-devices-usb-vid-and-pid-failed	troubleshooting/device-connection-issues/the-devices-usb-vid-and-pid-failed
getting-help/troubleshooting/usb-3.0-cable-customer-notice	troubleshooting/device-connection-issues/usb-3.0-cable-customer-notice
getting-help/troubleshooting/usb-driver-problem	troubleshooting/device-connection-issues/usb-driver-problem
getting-help/troubleshooting/all-known-issues	troubleshooting/diagnostic-tools/all-known-issues
getting-help/troubleshooting/console-output	troubleshooting/diagnostic-tools/console-output
getting-help/troubleshooting/led-blinks-red	troubleshooting/diagnostic-tools/led-blinks-red
getting-help/troubleshooting/pc-detection-test	troubleshooting/diagnostic-tools/pc-detection-test
getting-help/troubleshooting/sharing-crash-logs	troubleshooting/diagnostic-tools/sharing-crash-logs
getting-help/troubleshooting/sharing-your-machine-id	troubleshooting/diagnostic-tools/sharing-your-machine-id
getting-help/troubleshooting/api-ms-win-crt-runtime-missing	troubleshooting/installation-and-launch-issues/api-ms-win-crt-runtime-missing
getting-help/troubleshooting/technical-faq/can-logic-run-on-arm	troubleshooting/installation-and-launch-issues/can-logic-run-on-arm
getting-help/troubleshooting/disk1-cab-has-invalid-digital-signature	troubleshooting/installation-and-launch-issues/disk1-cab-has-invalid-digital-signature
getting-help/troubleshooting/error-message-0xc0000005	troubleshooting/installation-and-launch-issues/error-message-0xc0000005
getting-help/troubleshooting/fails-to-launch	troubleshooting/installation-and-launch-issues/fails-to-launch
getting-help/troubleshooting/technical-faq/is-it-possible-to-run-the-saleae-software-on-a-pc-without-sse2-instructions	troubleshooting/installation-and-launch-issues/is-it-possible-to-run-the-saleae-software-on-a-pc-without-sse2-instructions
getting-help/troubleshooting/technical-faq/tablet-support	troubleshooting/installation-and-launch-issues/tablet-support
getting-help/troubleshooting/will-not-install	troubleshooting/installation-and-launch-issues/will-not-install
getting-help/troubleshooting/logic2-consuming-disk-space	troubleshooting/performance-issues/logic2-consuming-disk-space
getting-help/troubleshooting/mouse-scrolling-issues	troubleshooting/performance-issues/mouse-scrolling-issues
getting-help/troubleshooting/pc-performance-issues	troubleshooting/performance-issues/pc-performance-issues
getting-help/troubleshooting/analog-waveforms-do-not-appear-on-linux	troubleshooting/platform-specific-issues/analog-waveforms-do-not-appear-on-linux
getting-help/troubleshooting/centos-compatibility-issues	troubleshooting/platform-specific-issues/centos-compatibility-issues
getting-help/troubleshooting/known-issues-on-os-x	troubleshooting/platform-specific-issues/known-issues-on-os-x
getting-help/troubleshooting/linux-permission-requirements-for-logic-software	troubleshooting/platform-specific-issues/linux-permission-requirements-for-logic-software
getting-help/troubleshooting/linux-shared-memory-crash	troubleshooting/platform-specific-issues/linux-shared-memory-crash
getting-help/troubleshooting/technical-faq/sw-support-for-original-logic	troubleshooting/platform-specific-issues/sw-support-for-original-logic
getting-help/troubleshooting/usb-debugging-for-linux-kernels	troubleshooting/platform-specific-issues/usb-debugging-for-linux-kernels
getting-help/troubleshooting/visual-studio-error-failed-to-launch-debug-adapter	troubleshooting/platform-specific-issues/visual-studio-error-failed-to-launch-debug-adapter
getting-help/troubleshooting/vs-code-fails-to-launch-python-automation-api-script	troubleshooting/platform-specific-issues/vs-code-fails-to-launch-python-automation-api-script
getting-help/troubleshooting/technical-faq/xmonad-on-linux-causes-issues	troubleshooting/platform-specific-issues/xmonad-on-linux-causes-issues
getting-help/troubleshooting/error-loading-marketplace-extensions	troubleshooting/software-crashes-and-errors/error-loading-marketplace-extensions
getting-help/troubleshooting/error-message-failed-to-load-extension	troubleshooting/software-crashes-and-errors/error-message-failed-to-load-extension
getting-help/troubleshooting/error-message-unable-to-detect-webgl	troubleshooting/software-crashes-and-errors/error-message-unable-to-detect-webgl
getting-help/troubleshooting/error-out-of-memory-exception	troubleshooting/software-crashes-and-errors/error-out-of-memory-exception
getting-help/troubleshooting/failed-to-load-lla	troubleshooting/software-crashes-and-errors/failed-to-load-lla
getting-help/troubleshooting/technical-faq/is-logic-affected-by-the-log4j-exploit	troubleshooting/software-crashes-and-errors/is-logic-affected-by-the-log4j-exploit
getting-help/troubleshooting/logic-2-error-messages	troubleshooting/software-crashes-and-errors/logic-2-error-messages
getting-help/troubleshooting/saving-or-loading-anything-crashes-the-sw	troubleshooting/software-crashes-and-errors/saving-or-loading-anything-crashes-the-sw
getting-help/troubleshooting/software-has-crashed	troubleshooting/software-crashes-and-errors/software-has-crashed
getting-help/troubleshooting/sw-crashes-with-virtual-desktops	troubleshooting/software-crashes-and-errors/sw-crashes-with-virtual-desktops
getting-help/troubleshooting/sw-issues-with-encryption	troubleshooting/software-crashes-and-errors/sw-issues-with-encryption
getting-help/troubleshooting/trouble-downloading-the-latest-software	troubleshooting/software-crashes-and-errors/trouble-downloading-the-latest-software
getting-help/troubleshooting/unsupported-version	troubleshooting/software-crashes-and-errors/unsupported-version
tutorials/learning-portal/common-acronyms-and-definitions	tutorials-learning/concepts/common-acronyms-and-definitions
getting-help/troubleshooting/technical-faq/saleae-open-source-support	tutorials-learning/concepts/saleae-open-source-support
tutorials/learning-portal/what-is-a-display-radix	tutorials-learning/concepts/what-is-a-display-radix
tutorials/learning-portal/what-is-a-glitch	tutorials-learning/concepts/what-is-a-glitch
tutorials/learning-portal/what-is-data-bandwidth-can-i-reduce-this-in-logic	tutorials-learning/concepts/what-is-data-bandwidth-can-i-reduce-this-in-logic
tutorials/learning-portal/what-is-ram	tutorials-learning/concepts/what-is-ram
tutorials/example-projects/how-to-analyze-i2c	tutorials-learning/example-projects/how-to-analyze-i2c
tutorials/example-projects/how-to-analyze-spi	tutorials-learning/example-projects/how-to-analyze-spi
tutorials/example-projects/how-to-analyze-uart	tutorials-learning/example-projects/how-to-analyze-uart
tutorials/example-projects/how-to-measure-analog-signals	tutorials-learning/example-projects/how-to-measure-analog-signals
tutorials/example-projects/how-to-measure-digital-logic	tutorials-learning/example-projects/how-to-measure-digital-logic
tutorials/logic-analyzer-tutorial	tutorials-learning/guides/logic-analyzer-tutorial
tutorials/oscilloscope-tutorial	tutorials-learning/guides/oscilloscope-tutorial
